{
  "junctions": [
    [
      [
        "source"
      ],
      [
        "left",
        "right"
      ]
    ],
    [
      [
        "left",
        "right"
      ],
      [
        "sink"
      ]
    ]
  ],
  "links": [
    {
      "fd": {
        "q_max": 1.0,
        "rho_max": 3.0,
        "w": 0.5,
        "v": 1.0
      },
      "flow": 0.9999999965193058,
      "name": "sink",
      "rho": 0.9999999951302515,
      "l": 1.0
    },
    {
      "fd": {
        "q_max": 1.0,
        "rho_max": 3.0,
        "w": 0.5,
        "v": 1.0
      },
      "flow": 0.9999999965193058,
      "name": "source",
      "rho": 0.9999999951302515,
      "l": 1.0
    },
    {
      "fd": {
        "q_max": 1.0,
        "rho_max": 3.0,
        "w": 0.5,
        "v": 1.0
      },
      "flow": 0.499999999007977,
      "name": "left",
      "rho": 0.5000000016700192,
      "l": 1.0
    },
    {
      "fd": {
        "q_max": 1.0,
        "rho_max": 3.0,
        "w": 0.5,
        "v": 1.0
      },
      "flow": 0.499999999007977,
      "name": "right",
      "rho": 0.5000000016700192,
      "l": 2.0
    }
  ],
  "demands": []
}